id,lane,title_es,platform,url,uploader_status,format,review_status
PLT-DB-001,debate_or_dialogue_with_protestants,La Única y Verdadera Iglesia de Dios,YouTube,https://www.youtube.com/@padreluistoro/videos,channel-listed discovery lead,debate_or_dialogue,metadata_only
PLT-DB-002,debate_or_dialogue_with_protestants,La Verdadera Iglesia de Cristo Completo,YouTube,https://www.youtube.com/watch?v=ESS-2q3Gcxw,Padre Luis Toro channel candidate,debate_or_dialogue,metadata_only
PLT-DB-003,debate_or_dialogue_with_protestants,Debate / diálogo con interlocutor pentecostal unido,YouTube,https://www.youtube.com/watch?v=1elcE-p9Vr0,public-video discovery lead,debate_or_dialogue,metadata_only
PLT-DB-004,debate_or_dialogue_with_protestants,Diálogo / debate con interlocutor adventista,YouTube,https://www.youtube.com/watch?v=FpfjwgB4Ni8,public-video discovery lead,debate_or_dialogue,metadata_only
PLT-DB-005,debate_or_dialogue_with_protestants,Pastor protestante no puede responder con Biblia y evade preguntas,YouTube,https://youtu.be/GA2Q0fJI9Do,linked from Padre Luis Toro Facebook post,debate_or_dialogue,metadata_only
PLT-DB-006,debate_or_dialogue_with_protestants,Debate de Quetzaltenango — copia de tercero,YouTube,https://www.youtube.com/watch?v=MQDvZN-UNsA,third-party mirror,third_party_mirror,metadata_only
PLT-QA-001,q_and_a_on_protestant_objections,Este Video NO es APTO para Protestantes!!,YouTube,https://www.youtube.com/watch?v=GXMpK2YalWQ,Padre Luis Toro channel candidate,livestream_q_and_a,metadata_only
PLT-QA-002,q_and_a_on_protestant_objections,Preguntas y Respuestas en Vivo — Buen audio,Facebook,https://www.facebook.com/PadreLuisToro/videos/preguntas-y-respuestas-en-vivo-buen-audio/901105100042932/,Padre Luis Toro public page,livestream_q_and_a,metadata_only
PLT-QA-003,q_and_a_on_protestant_objections,Preguntas y sorpresas — P. Luis Toro,Facebook,https://www.facebook.com/PadreLuisToro/videos/preguntas-y-sorpresas-p-luis-toro/544232753051290/,Padre Luis Toro public page,q_and_a,metadata_only
PLT-QA-004,q_and_a_on_protestant_objections,Fin de Mundo ¿Últimos Tiempos? TERREMOTOS ¿Dios es Injusto? Preguntas y Respuestas,Facebook,https://www.facebook.com/PadreLuisToro/posts/fin-de-mundo-%C3%BAltimos-tiempos-terremotos-dios-es-injusto-preguntas-y-respuestas-p/912595422227233/,Padre Luis Toro public page,q_and_a,metadata_only
PLT-QA-005,q_and_a_on_protestant_objections,Padre Luis Toro fue a Preguntas y Respuestas y se llevó una sorpresa — parte final,Facebook,https://www.facebook.com/PadreLuisToro/videos/padre-luis-toro-fue-a-preguntas-y-respuestas-y-se-llev%C3%B3-una-sorpresa-parte-final/1578859186182622/,Padre Luis Toro public page,q_and_a,metadata_only
PLT-QA-006,q_and_a_on_protestant_objections,Preguntas doctrinales — discovery queue,YouTube,https://www.youtube.com/@padreluistoro/videos,channel-listed discovery lead,q_and_a,metadata_only
PLT-GT-001,general_catholic_teaching,El verdadero celo Apostólico | Joven envía mensaje a Sacerdotes,YouTube,https://youtu.be/SkmCDz8C1_U,linked from Padre Luis Toro Facebook post,teaching,metadata_only
PLT-GT-002,general_catholic_teaching,Reflexión del día,YouTube,https://youtu.be/iHok2dDLyQ0,linked from Padre Luis Toro Facebook post,teaching,metadata_only
PLT-GT-003,general_catholic_teaching,Reflexión del día,YouTube,https://youtu.be/7BAKoSWtrsA,linked from Padre Luis Toro Facebook post,teaching,metadata_only
PLT-GT-004,general_catholic_teaching,Material general de formación católica — discovery queue,YouTube,https://www.youtube.com/@padreluistoro/videos,channel-listed discovery lead,teaching,metadata_only
