id,platform,title_es,format,url,source_use,review_status
PLT-SM-001,Facebook,Preguntas y Respuestas en Vivo — Buen audio,live Q&A,https://www.facebook.com/PadreLuisToro/videos/preguntas-y-respuestas-en-vivo-buen-audio/901105100042932/,discovery_metadata_only,metadata_captured
PLT-SM-002,Facebook,Padre Luis Toro fue a Preguntas y Respuestas y se llevó una sorpresa — parte final,Q&A,https://www.facebook.com/PadreLuisToro/videos/padre-luis-toro-fue-a-preguntas-y-respuestas-y-se-llev%C3%B3-una-sorpresa-parte-final/1578859186182622/,discovery_metadata_only,metadata_captured
PLT-SM-003,Facebook,Preguntas y sorpresas — P. Luis Toro,Q&A,https://www.facebook.com/PadreLuisToro/videos/preguntas-y-sorpresas-p-luis-toro/544232753051290/,discovery_metadata_only,metadata_captured
PLT-SM-004,Facebook,Fin de Mundo ¿Últimos Tiempos? TERREMOTOS ¿Dios es Injusto? Preguntas y Respuestas,post / Q&A lead,https://www.facebook.com/PadreLuisToro/posts/fin-de-mundo-%C3%BAltimos-tiempos-terremotos-dios-es-injusto-preguntas-y-respuestas-p/912595422227233/,discovery_metadata_only,metadata_captured
PLT-SM-005,Facebook,Reflexión del día — enlace a YouTube,post / video link,https://www.facebook.com/PadreLuisToro/posts/2132250900261673/,discovery_metadata_only,metadata_captured
PLT-SM-006,Facebook,¡Evangeliza Compartiendo!,post,https://www.facebook.com/PadreLuisToro/posts/evangeliza-compartiendo/1010804472406327/,discovery_metadata_only,metadata_captured
PLT-SM-007,Facebook,Reflexión del día — enlace a YouTube,post / video link,https://www.facebook.com/padreluistoro/posts/httpsyoutube7bakoswtrsareflexi%C3%B3n-del-dia-comparte-busca-en-youtube-semillitas-de/2114599232026840/,discovery_metadata_only,metadata_captured
PLT-SM-008,Facebook,#PadreLuisToro — publicación pública,post,https://www.facebook.com/PadreLuisToro/posts/1283958745090897/,discovery_metadata_only,metadata_captured
PLT-SM-009,Facebook,PASTOR PROTESTANTE no puede responder con Biblia y evade preguntas,post / debate lead,https://www.facebook.com/PadreLuisToro/posts/httpsyoutubega2q0fji9dopastor-protestante-no-puede-responder-con-biblia-y-evade-/2286810344805727/,discovery_metadata_only,metadata_captured
PLT-SM-010,Facebook,El verdadero celo Apostólico | Joven envía mensaje a Sacerdotes,post / video link,https://www.facebook.com/PadreLuisToro/posts/httpsyoutubeskmcdz8c1_uel-verdadero-celo-apost%C3%B3lico-joven-env%C3%ADa-mensaje-a-sacerd/2286850354801726/,discovery_metadata_only,metadata_captured
PLT-SM-011,Facebook,Pues todos pecaron y están faltos de la gloria de Dios…,post,https://www.facebook.com/PadreLuisToro/posts/-pues-todos-pecaron-y-est%C3%A1n-faltos-de-la-gloria-de-dios-pero-todos-son-hechos-ju/1390882557731848/,discovery_metadata_only,metadata_captured
PLT-SM-012,Facebook,Página pública Padre Luis Toro — discovery queue,profile / discovery queue,https://www.facebook.com/PadreLuisToro,profile_discovery_only,metadata_captured
